Start,End,Sequence,Length,Color
1[5],5[12],CAGACCCAAGTCAGTGCCTTGGTTTCATAGACCTAA,36,#f7931e
3[52],4[53],AAACCAGGTTAGCCCTACTTT,21,#333333
2[43],4[33],ATCCCAGATACATCCACGGAATGCTTTCTTGCCTTCTAT,39,#333333
4[32],1[28],TTCTGGATAAGTGCTTTAGCACCTATTCTTGTTGCCATCTACATTTAA,48,#7300de
1[52],0[52],CCCGGTTTTTGCAGCCTGCCGA,22,#f7931e
4[52],3[51],GTCACTCACCAAGAATATGGT,21,#cc0000
3[72],3[71],AACGACAGGTCACGATGGGTCTGCAACATGCCTTCATCTAAA,42,#1700de
0[51],1[51],TTCCGCTCTCAAGACACAAC,20,#007200
3[15],4[5],TCAGCTTTTTCAATATTTTGTC,22,#f74308
0[34],5[43],AAGCACTTATCTGGTGACATGGT,23,#b8056c
1[29],0[35],ATGTATTGCAGTTTTCTAGG,20,#007200
1[72],1[71],CCTCTCCGACCTAATTCTCTGGGTTGGCAGCTGCCCCTCTGG,42,#7300de
5[13],3[14],AAATCAGTCGCAAGAGCCGCTGACGTTGTC,30,#b8056c
